season,home_team,away_team,home_win
20252026,EDM,CGY,0
20252026,CGY,EDM,0
20252026,CGY,SEA,1
20252026,VAN,CGY,1
20252026,WPG,CGY,1
20252026,SEA,CGY,0
20252026,CGY,VAN,0
20252026,CGY,WPG,0
20252026,EDM,CGY,0
20252026,VAN,CGY,1
20252026,CGY,STL,0
20252026,CGY,VGK,0
20252026,UTA,CGY,1
20252026,VGK,CGY,1
20252026,CGY,WPG,0
20252026,CGY,MTL,0
20252026,WPG,CGY,1
20252026,CGY,NYR,1
20252026,TOR,CGY,1
20252026,OTT,CGY,1
20252026,NSH,CGY,1
20252026,PHI,CGY,0
20252026,CGY,CBJ,1
20252026,CGY,CHI,0
20252026,MIN,CGY,1
20252026,STL,CGY,1
20252026,CGY,SJS,1
20252026,CGY,WPG,0
20252026,CHI,CGY,1
20252026,BUF,CGY,0
20252026,CGY,DAL,1
20252026,VAN,CGY,0
20252026,TBL,CGY,1
20252026,FLA,CGY,0
20252026,CAR,CGY,1
20252026,NSH,CGY,1
20252026,CGY,MIN,1
20252026,CGY,UTA,1
20252026,CGY,BUF,1
20252026,CGY,DET,0
20252026,LAK,CGY,0
20252026,SJS,CGY,1
20252026,CGY,SEA,1
20252026,CGY,VGK,1
20252026,EDM,CGY,1
20252026,CGY,EDM,1
20252026,CGY,BOS,1
20252026,CGY,PHI,1
20252026,CGY,NSH,0
20252026,CGY,SEA,0
20252026,MTL,CGY,1
20252026,BOS,CGY,1
20252026,PIT,CGY,0
20252026,CBJ,CGY,1
20252026,CHI,CGY,0
20252026,CGY,NYI,1
20252026,CGY,NJD,0
20252026,CGY,PIT,0
20252026,CGY,WSH,0
20252026,CGY,ANA,0
20252026,MIN,CGY,1
20252026,CGY,SJS,1
20252026,CGY,TOR,0
20252026,CGY,EDM,1
20252026,SJS,CGY,0
20252026,LAK,CGY,1
20252026,ANA,CGY,1
20252026,CGY,DAL,0
20252026,CGY,OTT,0
20252026,CGY,CAR,1
20252026,WSH,CGY,1
20252026,NYR,CGY,1
20252026,NJD,CGY,0
20252026,NYI,CGY,1
20252026,DET,CGY,1
20252026,CGY,STL,1
20252026,CGY,FLA,1
20252026,CGY,TBL,1
20252026,CGY,LAK,1
20252026,CGY,ANA,0
20252026,CGY,VAN,1
20252026,COL,CGY,1
20252026,VGK,CGY,1
20252026,ANA,CGY,0
20252026,DAL,CGY,1
20252026,COL,CGY,1
20252026,SEA,CGY,1
20252026,CGY,UTA,1
20252026,CGY,COL,0
20252026,CGY,LAK,1
20252026,OTT,TOR,0
20252026,TOR,OTT,0
20252026,OTT,NJD,1
20252026,OTT,MTL,0
20252026,STL,OTT,1
20252026,MTL,OTT,0
20252026,TBL,OTT,0
20252026,FLA,OTT,1
20252026,OTT,NSH,0
20252026,BUF,OTT,1
20252026,OTT,SEA,1
20252026,OTT,NYI,0
20252026,OTT,EDM,0
20252026,OTT,PHI,1
20252026,WSH,OTT,0
20252026,OTT,BOS,1
20252026,CHI,OTT,1
20252026,MTL,OTT,1
20252026,BOS,OTT,1
20252026,PHI,OTT,0
20252026,OTT,UTA,1
20252026,OTT,DAL,0
20252026,OTT,BOS,1
20252026,OTT,LAK,0
20252026,ANA,OTT,0
20252026,SJS,OTT,0
20252026,LAK,OTT,1
20252026,VGK,OTT,0
20252026,STL,OTT,1
20252026,DAL,OTT,1
20252026,MTL,OTT,0
20252026,OTT,NYR,0
20252026,OTT,STL,0
20252026,OTT,NJD,0
20252026,CBJ,OTT,0
20252026,MIN,OTT,1
20252026,WPG,OTT,0
20252026,OTT,PIT,1
20252026,OTT,CHI,1
20252026,BOS,OTT,0
20252026,OTT,BUF,0
20252026,TOR,OTT,1
20252026,OTT,CBJ,0
20252026,OTT,WSH,1
20252026,OTT,WPG,1
20252026,OTT,DET,0
20252026,UTA,OTT,1
20252026,COL,OTT,1
20252026,OTT,FLA,0
20252026,OTT,VAN,1
20252026,NYR,OTT,0
20252026,OTT,MTL,0
20252026,DET,OTT,1
20252026,CBJ,OTT,0
20252026,NSH,OTT,1
20252026,OTT,CAR,0
20252026,OTT,VGK,1
20252026,OTT,COL,1
20252026,OTT,NJD,1
20252026,PIT,OTT,0
20252026,CAR,OTT,1
20252026,PHI,OTT,0
20252026,OTT,DET,0
20252026,TOR,OTT,0
20252026,EDM,OTT,1
20252026,SEA,OTT,0
20252026,VAN,OTT,0
20252026,OTT,MTL,0
20252026,OTT,ANA,1
20252026,OTT,SJS,1
20252026,WSH,OTT,1
20252026,OTT,NYI,1
20252026,OTT,TOR,1
20252026,NYR,OTT,0
20252026,DET,OTT,0
20252026,OTT,PIT,0
20252026,TBL,OTT,1
20252026,FLA,OTT,1
20252026,OTT,BUF,1
20252026,OTT,MIN,0
20252026,OTT,CAR,1
20252026,OTT,TBL,1
20252026,OTT,FLA,1
20252026,NYI,OTT,0
20252026,NJD,OTT,1
20252026,OTT,TOR,1
20252026,CAR,OTT,1
20252026,CAR,OTT,1
20252026,OTT,CAR,0
20252026,OTT,CAR,0
20252026,CBJ,BUF,0
20252026,BUF,CBJ,1
20252026,DET,BUF,1
20252026,BUF,DET,1
20252026,BUF,PIT,0
20252026,PIT,BUF,1
20252026,BUF,NYR,0
20252026,BOS,BUF,1
20252026,BUF,COL,0
20252026,BUF,FLA,1
20252026,MTL,BUF,1
20252026,BUF,DET,1
20252026,BUF,TOR,1
20252026,TOR,BUF,1
20252026,BUF,CBJ,0
20252026,BOS,BUF,1
20252026,BUF,WSH,1
20252026,BUF,UTA,0
20252026,BUF,STL,0
20252026,CAR,BUF,1
20252026,UTA,BUF,1
20252026,COL,BUF,1
20252026,DET,BUF,0
20252026,COL,NSH,1
20252026,BUF,EDM,1
20252026,BUF,CHI,1
20252026,BUF,CAR,1
20252026,PIT,BUF,1
20252026,BUF,NJD,0
20252026,MIN,BUF,0
20252026,BUF,WPG,1
20252026,PHI,BUF,1
20252026,WPG,BUF,1
20252026,EDM,BUF,0
20252026,VAN,BUF,0
20252026,SEA,BUF,0
20252026,BUF,PHI,1
20252026,BUF,NYI,1
20252026,NJD,BUF,0
20252026,BUF,BOS,1
20252026,STL,BUF,0
20252026,DAL,BUF,0
20252026,CBJ,BUF,1
20252026,BUF,VAN,1
20252026,NYR,BUF,0
20252026,BUF,ANA,1
20252026,BUF,FLA,0
20252026,BUF,PHI,1
20252026,BUF,MTL,1
20252026,BUF,MIN,0
20252026,CAR,BUF,1
20252026,NSH,BUF,0
20252026,MTL,BUF,0
20252026,NYI,BUF,0
20252026,TOR,BUF,0
20252026,BUF,LAK,1
20252026,BUF,MTL,0
20252026,FLA,BUF,0
20252026,TBL,BUF,1
20252026,BUF,PIT,0
20252026,NJD,BUF,0
20252026,FLA,BUF,0
20252026,TBL,BUF,0
20252026,BUF,VGK,1
20252026,PIT,BUF,0
20252026,BUF,NSH,1
20252026,BUF,TBL,1
20252026,BUF,SJS,1
20252026,BUF,WSH,0
20252026,BUF,TOR,1
20252026,VGK,BUF,0
20252026,SJS,BUF,0
20252026,LAK,BUF,0
20252026,ANA,BUF,1
20252026,BUF,BOS,0
20252026,BUF,DET,0
20252026,BUF,SEA,1
20252026,BUF,NYI,1
20252026,WSH,BUF,1
20252026,BUF,TBL,1
20252026,NYR,BUF,0
20252026,BUF,CBJ,1
20252026,CHI,BUF,0
20252026,BUF,DAL,0
20252026,BUF,BOS,1
20252026,BUF,BOS,0
20252026,BOS,BUF,0
20252026,BOS,BUF,0
20252026,BUF,BOS,0
20252026,BOS,BUF,0
20252026,BUF,MTL,1
20252026,BUF,MTL,0
20252026,MTL,BUF,1
20252026,MTL,BUF,0
20252026,BUF,MTL,0
20252026,MTL,BUF,0
20252026,BUF,MTL,0
20252026,UTA,COL,0
20252026,COL,UTA,1
20252026,COL,DAL,1
20252026,COL,VGK,1
20252026,VGK,COL,1
20252026,DAL,COL,1
20252026,LAK,COL,0
20252026,COL,UTA,1
20252026,COL,DAL,0
20252026,CBJ,COL,0
20252026,COL,BOS,1
20252026,UTA,COL,1
20252026,COL,CAR,0
20252026,BOS,COL,1
20252026,NJD,COL,1
20252026,COL,NJD,1
20252026,VGK,COL,0
20252026,SJS,COL,1
20252026,COL,TBL,1
20252026,EDM,COL,0
20252026,VAN,COL,0
20252026,COL,ANA,1
20252026,COL,NYI,1
20252026,COL,NYR,1
20252026,NSH,COL,0
20252026,CHI,COL,0
20252026,COL,SJS,1
20252026,MIN,COL,1
20252026,COL,MTL,1
20252026,COL,VAN,1
20252026,NYI,COL,1
20252026,NYR,COL,0
20252026,PHI,COL,0
20252026,NSH,COL,1
20252026,COL,FLA,1
20252026,SEA,COL,0
20252026,COL,WPG,1
20252026,MIN,COL,0
20252026,COL,UTA,1
20252026,VGK,COL,0
20252026,COL,LAK,1
20252026,COL,STL,1
20252026,CAR,COL,0
20252026,FLA,COL,1
20252026,TBL,COL,1
20252026,COL,CBJ,1
20252026,COL,TOR,0
20252026,COL,NSH,0
20252026,COL,WSH,1
20252026,COL,ANA,0
20252026,COL,PHI,0
20252026,TOR,COL,0
20252026,MTL,COL,1
20252026,DET,COL,0
20252026,COL,DET,0
20252026,COL,SJS,1
20252026,UTA,COL,0
20252026,COL,MIN,0
20252026,COL,CHI,1
20252026,LAK,COL,0
20252026,ANA,COL,0
20252026,DAL,COL,0
20252026,COL,MIN,1
20252026,COL,EDM,0
20252026,SEA,COL,0
20252026,WPG,COL,1
20252026,COL,PIT,0
20252026,COL,DAL,0
20252026,CHI,COL,0
20252026,WSH,COL,0
20252026,PIT,COL,0
20252026,WPG,COL,0
20252026,COL,WPG,0
20252026,COL,VAN,0
20252026,DAL,COL,0
20252026,COL,STL,0
20252026,STL,COL,0
20252026,COL,VGK,0
20252026,EDM,COL,0
20252026,COL,SEA,1
20252026,COL,LAK,1
20252026,COL,LAK,1
20252026,LAK,COL,0
20252026,LAK,COL,0
20252026,COL,MIN,1
20252026,COL,MIN,1
20252026,MIN,COL,1
20252026,MIN,COL,0
20252026,COL,MIN,1
20252026,COL,VGK,0
20252026,COL,VGK,0
20252026,VGK,COL,1
20252026,VGK,COL,1
20252026,MTL,TOR,0
20252026,TOR,MTL,0
20252026,TOR,DET,0
20252026,DET,TOR,1
20252026,TOR,MTL,1
20252026,DET,TOR,1
20252026,TOR,DET,0
20252026,TOR,NSH,1
20252026,TOR,NYR,1
20252026,TOR,SEA,0
20252026,TOR,NJD,0
20252026,CBJ,TOR,1
20252026,PHI,TOR,0
20252026,TOR,PIT,1
20252026,TOR,UTA,1
20252026,TOR,BOS,0
20252026,TOR,CAR,0
20252026,BOS,TOR,1
20252026,TOR,LAK,0
20252026,CHI,TOR,1
20252026,TOR,STL,1
20252026,TOR,CBJ,0
20252026,MTL,TOR,1
20252026,CBJ,TOR,0
20252026,WSH,TOR,1
20252026,PIT,TOR,0
20252026,FLA,TOR,0
20252026,CAR,TOR,0
20252026,TOR,MTL,0
20252026,TOR,TBL,1
20252026,TOR,SJS,0
20252026,TOR,EDM,0
20252026,TOR,CHI,1
20252026,WSH,TOR,1
20252026,NSH,TOR,1
20252026,DAL,TOR,1
20252026,TOR,PIT,1
20252026,DET,TOR,1
20252026,TOR,NJD,1
20252026,TOR,WPG,1
20252026,NYI,TOR,1
20252026,TOR,FLA,1
20252026,PHI,TOR,0
20252026,TOR,VAN,1
20252026,UTA,TOR,1
20252026,VGK,TOR,1
20252026,WPG,TOR,0
20252026,TOR,MIN,0
20252026,TOR,DET,0
20252026,TOR,VGK,0
20252026,SEA,TOR,1
20252026,VAN,TOR,0
20252026,EDM,TOR,0
20252026,TBL,TOR,1
20252026,FLA,TOR,1
20252026,TOR,PHI,0
20252026,NJD,TOR,1
20252026,NYR,TOR,1
20252026,TOR,TBL,0
20252026,MTL,TOR,1
20252026,TOR,ANA,1
20252026,MIN,TOR,0
20252026,TOR,NYI,0
20252026,TOR,CAR,0
20252026,BOS,TOR,0
20252026,TOR,NYR,1
20252026,STL,TOR,1
20252026,ANA,TOR,0
20252026,SJS,TOR,1
20252026,LAK,TOR,1
20252026,TOR,WSH,0
20252026,NYI,TOR,1
20252026,TOR,FLA,0
20252026,TOR,DAL,0
20252026,NYI,PHI,0
20252026,MTL,PHI,1
20252026,WSH,PHI,1
20252026,PHI,BOS,0
20252026,BOS,PHI,0
20252026,PHI,NYI,0
20252026,PHI,NJD,1
20252026,FLA,PHI,1
20252026,CAR,PHI,1
20252026,PHI,FLA,1
20252026,PHI,WPG,0
20252026,PHI,MIN,1
20252026,PHI,SEA,1
20252026,PHI,NYI,1
20252026,PHI,PIT,1
20252026,PHI,NSH,1
20252026,MTL,PHI,0
20252026,NSH,PHI,0
20252026,PHI,EDM,0
20252026,STL,PHI,0
20252026,DAL,PHI,1
20252026,PHI,STL,1
20252026,PHI,NJD,1
20252026,TBL,PHI,1
20252026,FLA,PHI,0
20252026,NYI,PHI,0
20252026,NJD,PHI,0
20252026,PHI,PIT,0
20252026,PHI,SJS,1
20252026,PHI,VGK,0
20252026,PHI,CAR,0
20252026,CAR,PHI,1
20252026,MTL,PHI,0
20252026,NYR,PHI,1
20252026,PHI,VAN,1
20252026,CHI,PHI,0
20252026,SEA,PHI,1
20252026,VAN,PHI,0
20252026,EDM,PHI,0
20252026,PHI,ANA,1
20252026,PHI,TBL,0
20252026,PHI,TBL,0
20252026,PIT,PHI,1
20252026,PHI,NYR,0
20252026,VGK,PHI,0
20252026,UTA,PHI,1
20252026,PHI,NYI,0
20252026,CBJ,PHI,1
20252026,BOS,PHI,1
20252026,PHI,LAK,0
20252026,PHI,WSH,1
20252026,WSH,PHI,1
20252026,NYR,PHI,0
20252026,PHI,BOS,1
20252026,PHI,UTA,0
20252026,PIT,PHI,0
20252026,PHI,NYR,0
20252026,PHI,WSH,1
20252026,MIN,PHI,0
20252026,PHI,CBJ,0
20252026,ANA,PHI,0
20252026,LAK,PHI,0
20252026,SJS,PHI,0
20252026,PHI,CBJ,0
20252026,PHI,CHI,1
20252026,DET,PHI,0
20252026,PHI,DAL,1
20252026,WSH,PHI,1
20252026,PHI,DET,0
20252026,NYI,PHI,0
20252026,PHI,BOS,1
20252026,NJD,PHI,0
20252026,DET,PHI,1
20252026,WPG,PHI,0
20252026,PHI,CAR,1
20252026,PHI,MTL,1
20252026,PIT,PHI,0
20252026,PIT,PHI,0
20252026,PHI,PIT,1
20252026,PHI,PIT,0
20252026,PIT,PHI,1
20252026,PHI,PIT,1
20252026,CAR,PHI,1
20252026,CAR,PHI,1
20252026,PHI,CAR,0
20252026,PHI,CAR,0
20252026,WPG,EDM,0
20252026,EDM,SEA,0
20252026,EDM,WPG,1
20252026,EDM,VAN,1
20252026,SEA,EDM,1
20252026,VAN,EDM,1
20252026,EDM,VAN,1
20252026,NYR,EDM,0
20252026,NYI,EDM,1
20252026,NJD,EDM,1
20252026,DET,EDM,1
20252026,EDM,MTL,1
20252026,SEA,EDM,1
20252026,VAN,EDM,1
20252026,EDM,UTA,1
20252026,EDM,NYR,0
20252026,EDM,CHI,1
20252026,STL,EDM,1
20252026,DAL,EDM,1
20252026,EDM,CBJ,1
20252026,CBJ,EDM,1
20252026,CAR,EDM,0
20252026,WSH,EDM,1
20252026,TBL,EDM,1
20252026,FLA,EDM,0
20252026,EDM,DAL,0
20252026,SEA,EDM,0
20252026,EDM,MIN,0
20252026,EDM,SEA,1
20252026,EDM,WPG,1
20252026,EDM,DET,1
20252026,MTL,EDM,1
20252026,PIT,EDM,0
20252026,BOS,EDM,0
20252026,MIN,EDM,1
20252026,EDM,VGK,1
20252026,WPG,EDM,0
20252026,EDM,BOS,0
20252026,EDM,NSH,1
20252026,WPG,EDM,0
20252026,EDM,LAK,0
20252026,CHI,EDM,0
20252026,NSH,EDM,1
20252026,EDM,NYI,0
20252026,VAN,EDM,0
20252026,EDM,STL,1
20252026,EDM,NJD,0
20252026,EDM,PIT,0
20252026,EDM,WSH,1
20252026,EDM,ANA,1
20252026,EDM,SJS,1
20252026,EDM,MIN,0
20252026,ANA,EDM,1
20252026,LAK,EDM,0
20252026,SJS,EDM,1
20252026,EDM,CAR,0
20252026,VGK,EDM,0
20252026,DAL,EDM,1
20252026,STL,EDM,1
20252026,EDM,NSH,1
20252026,EDM,SJS,1
20252026,EDM,FLA,0
20252026,EDM,TBL,0
20252026,UTA,EDM,0
20252026,VGK,EDM,0
20252026,EDM,ANA,1
20252026,EDM,SEA,1
20252026,EDM,CHI,1
20252026,EDM,VGK,0
20252026,UTA,EDM,1
20252026,SJS,EDM,0
20252026,LAK,EDM,1
20252026,EDM,VAN,1
20252026,EDM,ANA,1
20252026,EDM,ANA,0
20252026,ANA,EDM,1
20252026,ANA,EDM,1
20252026,EDM,ANA,1
20252026,ANA,EDM,1
20252026,SEA,VAN,1
20252026,VAN,SEA,1
20252026,VAN,STL,0
20252026,DAL,VAN,0
20252026,CHI,VAN,0
20252026,WSH,VAN,0
20252026,PIT,VAN,1
20252026,NSH,VAN,1
20252026,VAN,MTL,0
20252026,VAN,NYR,0
20252026,STL,VAN,0
20252026,MIN,VAN,1
20252026,NSH,VAN,0
20252026,VAN,CHI,0
20252026,VAN,CBJ,1
20252026,VAN,WPG,0
20252026,CAR,VAN,1
20252026,TBL,VAN,0
20252026,FLA,VAN,1
20252026,VAN,DAL,0
20252026,ANA,VAN,0
20252026,SJS,VAN,1
20252026,LAK,VAN,1
20252026,VAN,UTA,0
20252026,VAN,MIN,1
20252026,VAN,DET,0
20252026,NJD,VAN,0
20252026,NYR,VAN,0
20252026,NYI,VAN,0
20252026,BOS,VAN,0
20252026,VAN,SJS,0
20252026,SEA,VAN,0
20252026,VAN,SEA,0
20252026,VAN,BOS,0
20252026,DET,VAN,1
20252026,MTL,VAN,1
20252026,CBJ,VAN,1
20252026,VAN,NYI,0
20252026,VAN,WSH,1
20252026,VAN,NJD,0
20252026,VAN,PIT,0
20252026,VAN,SJS,0
20252026,VAN,ANA,1
20252026,UTA,VAN,1
20252026,VGK,VAN,1
20252026,VAN,WPG,0
20252026,SEA,VAN,1
20252026,VAN,DAL,0
20252026,VAN,CAR,0
20252026,CHI,VAN,0
20252026,WPG,VAN,1
20252026,VAN,NSH,1
20252026,VAN,SEA,0
20252026,VAN,FLA,1
20252026,VAN,TBL,0
20252026,VAN,STL,0
20252026,VAN,ANA,0
20252026,VAN,LAK,0
20252026,VGK,VAN,1
20252026,MIN,VAN,1
20252026,VAN,UTA,0
20252026,VAN,VGK,0
20252026,LAK,VAN,1
20252026,SJS,VAN,0
20252026,ANA,VAN,0
20252026,VAN,LAK,1
20252026,MTL,PIT,1
20252026,CBJ,PIT,1
20252026,PIT,DET,1
20252026,PIT,CBJ,1
20252026,DET,PIT,0
20252026,NYR,PIT,0
20252026,PIT,NYI,1
20252026,PIT,NYR,0
20252026,ANA,PIT,1
20252026,LAK,PIT,0
20252026,SJS,PIT,0
20252026,FLA,PIT,0
20252026,PIT,CBJ,0
20252026,PIT,STL,1
20252026,MIN,PIT,0
20252026,WPG,PIT,1
20252026,PIT,WSH,1
20252026,NJD,PIT,1
20252026,PIT,LAK,0
20252026,NSH,PIT,1
20252026,PIT,NSH,1
20252026,PIT,MIN,0
20252026,PIT,SEA,0
20252026,CBJ,PIT,0
20252026,TBL,PIT,0
20252026,DAL,PIT,1
20252026,PIT,ANA,0
20252026,PIT,MTL,0
20252026,PIT,SJS,0
20252026,PIT,UTA,0
20252026,MTL,PIT,1
20252026,PIT,MTL,1
20252026,CHI,PIT,0
20252026,PIT,CAR,1
20252026,PIT,DET,1
20252026,DET,PIT,0
20252026,CBJ,PIT,0
20252026,PIT,NJD,1
20252026,BOS,PIT,1
20252026,PIT,TBL,0
20252026,PIT,CBJ,0
20252026,SEA,PIT,0
20252026,PIT,CHI,1
20252026,PIT,NYR,1
20252026,NYI,PIT,1
20252026,PIT,NJD,1
20252026,NYR,PIT,1
20252026,PIT,VGK,1
20252026,BOS,PIT,1
20252026,PIT,BOS,1
20252026,CAR,PIT,1
20252026,VGK,PIT,1
20252026,UTA,PIT,0
20252026,CAR,PIT,1
20252026,PIT,WPG,1
20252026,PIT,CAR,0
20252026,PIT,DAL,0
20252026,NYI,PIT,0
20252026,PIT,DET,1
20252026,TBL,PIT,1
20252026,PIT,FLA,1
20252026,PIT,FLA,1
20252026,NJD,PIT,0
20252026,PIT,WSH,0
20252026,WSH,PIT,1
20252026,STL,PIT,1
20252026,BOS,WSH,0
20252026,NJD,WSH,0
20252026,CBJ,WSH,0
20252026,WSH,BOS,0
20252026,WSH,CBJ,1
20252026,WSH,BOS,0
20252026,NYI,WSH,0
20252026,NYR,WSH,0
20252026,WSH,TBL,1
20252026,WSH,MIN,1
20252026,WSH,SEA,1
20252026,CBJ,WSH,0
20252026,DAL,WSH,1
20252026,WSH,NYI,0
20252026,WSH,STL,1
20252026,TBL,WSH,1
20252026,CAR,WSH,0
20252026,FLA,WSH,1
20252026,WSH,NJD,0
20252026,WSH,LAK,1
20252026,MTL,WSH,0
20252026,WSH,TBL,0
20252026,WSH,CBJ,1
20252026,WSH,WPG,1
20252026,NYI,WSH,0
20252026,LAK,WSH,0
20252026,SJS,WSH,0
20252026,ANA,WSH,1
20252026,WSH,CBJ,1
20252026,WSH,CAR,0
20252026,WPG,WSH,1
20252026,MIN,WSH,1
20252026,WSH,DET,0
20252026,DET,WSH,1
20252026,WSH,NYR,0
20252026,NJD,WSH,0
20252026,FLA,WSH,1
20252026,WSH,NYR,1
20252026,WSH,CHI,0
20252026,WSH,ANA,1
20252026,WSH,DAL,0
20252026,CHI,WSH,0
20252026,NSH,WSH,1
20252026,WSH,MTL,1
20252026,WSH,SJS,0
20252026,WSH,FLA,0
20252026,SEA,WSH,1
20252026,DET,WSH,0
20252026,WSH,CAR,1
20252026,WSH,NYI,1
20252026,WSH,NSH,1
20252026,WSH,VGK,1
20252026,MTL,WSH,1
20252026,WSH,UTA,0
20252026,BOS,WSH,1
20252026,WSH,BOS,0
20252026,WSH,NJD,1
20252026,STL,WSH,1
20252026,UTA,WSH,0
20252026,VGK,WSH,0
20252026,NJD,WSH,1
20252026,NYR,WSH,1
20252026,CBJ,WSH,0
20252026,DET,MTL,0
20252026,CHI,MTL,0
20252026,MTL,SEA,1
20252026,MTL,NSH,1
20252026,MTL,NYR,0
20252026,SEA,MTL,0
20252026,NJD,MTL,1
20252026,MTL,UTA,1
20252026,MTL,LAK,0
20252026,MTL,DAL,0
20252026,MTL,BOS,0
20252026,CBJ,MTL,1
20252026,UTA,MTL,0
20252026,VGK,MTL,0
20252026,MTL,WPG,1
20252026,MTL,STL,0
20252026,MTL,TBL,0
20252026,NYR,MTL,1
20252026,MTL,CHI,1
20252026,BOS,MTL,0
20252026,TBL,MTL,1
20252026,FLA,MTL,0
20252026,CAR,MTL,0
20252026,STL,MTL,1
20252026,DAL,MTL,0
20252026,MTL,FLA,1
20252026,MTL,DET,0
20252026,MTL,MIN,1
20252026,BOS,MTL,1
20252026,MTL,VGK,1
20252026,MIN,MTL,1
20252026,WPG,MTL,0
20252026,MTL,NYI,0
20252026,SJS,MTL,1
20252026,ANA,MTL,1
20252026,LAK,MTL,0
20252026,MTL,SJS,0
20252026,MTL,ANA,0
20252026,MTL,BOS,1
20252026,DET,MTL,1
20252026,MTL,NYI,1
20252026,MTL,CAR,1
20252026,MTL,CBJ,1
20252026,NSH,MTL,0
20252026,CAR,MTL,0
20252026,TBL,MTL,0
20252026,NYR,MTL,0
20252026,NJD,MTL,0
20252026,MTL,NJD,0
20252026,MTL,FLA,1
20252026,MTL,TBL,1
20252026,MTL,CBJ,0
20252026,NYI,MTL,0
20252026,TBL,MTL,0
20252026,TBL,MTL,1
20252026,MTL,TBL,1
20252026,MTL,TBL,0
20252026,TBL,MTL,0
20252026,MTL,TBL,0
20252026,TBL,MTL,0
20252026,CAR,MTL,0
20252026,CAR,MTL,1
20252026,MTL,CAR,0
20252026,MTL,CAR,0
20252026,CAR,MTL,1
20252026,DAL,STL,1
20252026,CBJ,STL,1
20252026,STL,CHI,0
20252026,STL,DAL,0
20252026,CHI,STL,0
20252026,STL,MIN,0
20252026,STL,CHI,0
20252026,STL,DAL,1
20252026,STL,LAK,0
20252026,STL,UTA,0
20252026,DET,STL,1
20252026,STL,DET,0
20252026,CBJ,STL,1
20252026,STL,SEA,0
20252026,STL,VGK,0
20252026,NYI,STL,0
20252026,NYR,STL,1
20252026,NJD,STL,1
20252026,STL,UTA,1
20252026,STL,ANA,0
20252026,BOS,STL,1
20252026,STL,BOS,0
20252026,NSH,STL,1
20252026,STL,CHI,1
20252026,STL,NSH,0
20252026,STL,WPG,1
20252026,STL,NYR,0
20252026,FLA,STL,0
20252026,TBL,STL,1
20252026,STL,NSH,1
20252026,STL,VGK,1
20252026,CHI,STL,1
20252026,UTA,STL,1
20252026,VGK,STL,1
20252026,STL,CAR,1
20252026,STL,TBL,1
20252026,WPG,STL,1
20252026,DAL,STL,1
20252026,STL,LAK,0
20252026,STL,DAL,0
20252026,STL,FLA,1
20252026,STL,CBJ,0
20252026,NSH,STL,1
20252026,DAL,STL,1
20252026,STL,SEA,1
20252026,STL,NJD,0
20252026,MIN,STL,0
20252026,SEA,STL,0
20252026,SJS,STL,0
20252026,ANA,STL,0
20252026,STL,NYI,0
20252026,CAR,STL,0
20252026,WPG,STL,1
20252026,STL,SJS,1
20252026,SJS,STL,1
20252026,LAK,STL,1
20252026,ANA,STL,0
20252026,STL,WPG,0
20252026,CHI,STL,0
20252026,STL,MIN,1
20252026,UTA,STL,0
20252026,NSH,FLA,1
20252026,NSH,FLA,1
20252026,CAR,FLA,0
20252026,FLA,CAR,1
20252026,TBL,FLA,1
20252026,TBL,FLA,1
20252026,FLA,TBL,1
20252026,FLA,CHI,1
20252026,DET,FLA,1
20252026,NJD,FLA,1
20252026,BOS,FLA,0
20252026,FLA,VGK,1
20252026,FLA,ANA,0
20252026,FLA,DAL,1
20252026,ANA,FLA,1
20252026,LAK,FLA,0
20252026,SJS,FLA,1
20252026,VGK,FLA,0
20252026,FLA,TBL,0
20252026,FLA,NJD,1
20252026,NSH,FLA,0
20252026,FLA,NSH,0
20252026,FLA,CBJ,1
20252026,FLA,NYI,1
20252026,UTA,FLA,0
20252026,DAL,FLA,0
20252026,TBL,FLA,0
20252026,FLA,LAK,1
20252026,FLA,CAR,1
20252026,CAR,FLA,0
20252026,FLA,TBL,0
20252026,FLA,NYR,0
20252026,CAR,FLA,1
20252026,FLA,SJS,0
20252026,WPG,FLA,0
20252026,MIN,FLA,0
20252026,CHI,FLA,0
20252026,FLA,UTA,0
20252026,FLA,WPG,0
20252026,FLA,BOS,1
20252026,TBL,FLA,1
20252026,NYI,FLA,1
20252026,NJD,FLA,1
20252026,CBJ,FLA,1
20252026,DET,FLA,0
20252026,FLA,DET,1
20252026,FLA,CBJ,1
20252026,SEA,FLA,1
20252026,FLA,SEA,1
20252026,FLA,MIN,0
20252026,NYI,FLA,1
20252026,NYR,FLA,1
20252026,FLA,BOS,1
20252026,FLA,NYR,1
20252026,FLA,DET,1
20252026,SEA,ANA,1
20252026,SEA,VGK,1
20252026,WPG,SEA,0
20252026,SEA,NYR,0
20252026,SEA,CHI,1
20252026,SEA,SJS,0
20252026,DAL,SEA,1
20252026,SEA,CBJ,0
20252026,SEA,WPG,1
20252026,SEA,SJS,1
20252026,DET,SEA,1
20252026,CHI,SEA,0
20252026,NYI,SEA,1
20252026,SEA,DAL,0
20252026,SEA,DET,0
20252026,SEA,MIN,0
20252026,SEA,LAK,1
20252026,UTA,SEA,1
20252026,SJS,SEA,0
20252026,ANA,SEA,0
20252026,LAK,SEA,0
20252026,SEA,NSH,1
20252026,SEA,BOS,1
20252026,SEA,MIN,0
20252026,CAR,SEA,1
20252026,NYR,SEA,0
20252026,NJD,SEA,1
20252026,BOS,SEA,1
20252026,UTA,SEA,1
20252026,SEA,NYI,1
20252026,SEA,ANA,0
20252026,SEA,NJD,1
20252026,VGK,SEA,0
20252026,ANA,SEA,1
20252026,LAK,SEA,0
20252026,DAL,SEA,1
20252026,SEA,CAR,1
20252026,SEA,NSH,0
20252026,SEA,TBL,0
20252026,NSH,SEA,1
20252026,CBJ,SEA,1
20252026,TBL,SEA,0
20252026,SEA,UTA,0
20252026,SEA,CHI,0
20252026,WPG,SEA,1
20252026,MIN,SEA,1
20252026,SEA,VGK,1
20252026,SEA,LAK,0
20252026,VGK,SEA,1
20252026,ANA,UTA,1
20252026,VGK,UTA,1
20252026,UTA,LAK,0
20252026,UTA,LAK,1
20252026,UTA,SJS,1
20252026,NSH,UTA,0
20252026,CHI,UTA,1
20252026,UTA,SJS,1
20252026,UTA,BOS,1
20252026,MIN,UTA,0
20252026,WPG,UTA,0
20252026,UTA,TBL,0
20252026,UTA,NYI,0
20252026,ANA,UTA,1
20252026,SJS,UTA,1
20252026,UTA,VGK,0
20252026,UTA,NYR,1
20252026,UTA,VGK,1
20252026,DAL,UTA,1
20252026,SJS,UTA,1
20252026,ANA,UTA,0
20252026,UTA,LAK,0
20252026,BOS,UTA,1
20252026,DET,UTA,0
20252026,UTA,NJD,0
20252026,UTA,WPG,1
20252026,UTA,NSH,0
20252026,NYI,UTA,0
20252026,NJD,UTA,1
20252026,NYR,UTA,0
20252026,UTA,CBJ,0
20252026,UTA,DAL,1
20252026,NSH,UTA,0
20252026,TBL,UTA,1
20252026,CAR,UTA,1
20252026,UTA,DAL,0
20252026,UTA,DET,1
20252026,UTA,MIN,1
20252026,UTA,CHI,0
20252026,CBJ,UTA,0
20252026,CHI,UTA,1
20252026,MIN,UTA,1
20252026,UTA,CHI,0
20252026,DAL,UTA,0
20252026,VGK,UTA,0
20252026,UTA,ANA,0
20252026,UTA,LAK,1
20252026,LAK,UTA,0
20252026,UTA,NSH,1
20252026,UTA,CAR,0
20252026,UTA,WPG,1
20252026,VGK,UTA,1
20252026,VGK,UTA,0
20252026,UTA,VGK,1
20252026,UTA,VGK,0
20252026,VGK,UTA,1
20252026,UTA,VGK,0
20252026,DAL,MIN,1
20252026,MIN,DAL,0
20252026,WPG,DAL,0
20252026,DAL,MIN,1
20252026,DAL,CBJ,0
20252026,DAL,LAK,0
20252026,DAL,CAR,1
20252026,NSH,DAL,0
20252026,TBL,DAL,1
20252026,DAL,ANA,0
20252026,NSH,DAL,0
20252026,DAL,NYI,0
20252026,NYR,DAL,1
20252026,NJD,DAL,0
20252026,DAL,SJS,1
20252026,WPG,DAL,0
20252026,MIN,DAL,1
20252026,DAL,LAK,1
20252026,SJS,DAL,0
20252026,ANA,DAL,0
20252026,DET,DAL,1
20252026,DAL,CHI,0
20252026,CHI,DAL,1
20252026,CAR,DAL,1
20252026,SJS,DAL,1
20252026,LAK,DAL,0
20252026,ANA,DAL,1
20252026,DAL,TBL,0
20252026,DAL,BOS,1
20252026,CBJ,DAL,1
20252026,VGK,DAL,0
20252026,DAL,WPG,1
20252026,DAL,NSH,1
20252026,DAL,CHI,1
20252026,DAL,VGK,1
20252026,DAL,DET,1
20252026,MIN,DAL,1
20252026,DAL,VGK,0
20252026,DAL,NJD,0
20252026,NYI,DAL,1
20252026,BOS,DAL,1
20252026,DAL,WPG,1
20252026,DAL,MIN,1
20252026,DAL,NYR,1
20252026,DAL,MIN,0
20252026,DAL,MIN,1
20252026,MIN,DAL,0
20252026,MIN,DAL,1
20252026,DAL,MIN,0
20252026,MIN,DAL,1
20252026,LAK,ANA,1
20252026,ANA,LAK,0
20252026,LAK,ANA,0
20252026,ANA,SJS,1
20252026,SJS,ANA,0
20252026,LAK,ANA,1
20252026,SJS,ANA,0
20252026,ANA,CAR,0
20252026,CHI,ANA,1
20252026,NSH,ANA,0
20252026,BOS,ANA,0
20252026,TBL,ANA,1
20252026,ANA,DET,1
20252026,ANA,NJD,1
20252026,VGK,ANA,0
20252026,ANA,WPG,1
20252026,DET,ANA,1
20252026,MIN,ANA,1
20252026,ANA,BOS,1
20252026,ANA,VGK,1
20252026,ANA,LAK,1
20252026,CHI,ANA,1
20252026,ANA,CHI,1
20252026,NYI,ANA,1
20252026,NJD,ANA,1
20252026,NYR,ANA,0
20252026,CBJ,ANA,1
20252026,ANA,CBJ,1
20252026,LAK,ANA,1
20252026,ANA,SJS,0
20252026,ANA,TBL,0
20252026,ANA,MIN,0
20252026,CAR,ANA,1
20252026,LAK,ANA,0
20252026,ANA,LAK,1
20252026,ANA,NYR,1
20252026,ANA,VGK,1
20252026,ANA,WPG,1
20252026,ANA,NYI,1
20252026,WPG,ANA,0
20252026,SJS,ANA,1
20252026,ANA,NSH,0
20252026,ANA,SJS,1
20252026,MIN,ANA,1
20252026,NSH,ANA,0
20252026,VGK,ANA,1
20252026,VGK,ANA,0
20252026,ANA,VGK,0
20252026,ANA,VGK,1
20252026,VGK,ANA,1
20252026,ANA,VGK,0
20252026,NSH,TBL,0
20252026,TBL,NSH,1
20252026,CAR,NSH,1
20252026,NSH,CAR,1
20252026,NSH,CBJ,1
20252026,WPG,NSH,1
20252026,NSH,LAK,1
20252026,NSH,TBL,0
20252026,MIN,NSH,1
20252026,NYR,NSH,1
20252026,DET,NSH,0
20252026,CHI,NSH,0
20252026,NSH,WPG,0
20252026,CAR,NSH,1
20252026,NSH,CAR,0
20252026,NSH,NYR,1
20252026,MIN,NSH,0
20252026,VGK,NSH,0
20252026,NSH,NYI,1
20252026,NSH,CHI,0
20252026,VGK,NSH,1
20252026,BOS,NSH,1
20252026,NJD,NSH,1
20252026,NYI,NSH,0
20252026,NSH,MIN,0
20252026,NSH,CHI,1
20252026,NSH,DET,0
20252026,CBJ,NSH,1
20252026,NSH,BOS,1
20252026,WPG,NSH,0
20252026,NSH,VGK,1
20252026,CHI,NSH,0
20252026,NSH,SJS,1
20252026,NSH,NJD,0
20252026,TBL,NSH,1
20252026,LAK,NSH,0
20252026,SJS,NSH,0
20252026,LAK,NSH,1
20252026,NSH,MIN,1
20252026,NSH,SJS,0
20252026,MIN,CBJ,0
20252026,CBJ,NJD,0
20252026,CBJ,TBL,1
20252026,NYI,CBJ,1
20252026,CBJ,NYR,0
20252026,WPG,CBJ,1
20252026,DET,CBJ,1
20252026,NJD,CBJ,0
20252026,CBJ,DET,1
20252026,CAR,CBJ,1
20252026,CBJ,VGK,0
20252026,CBJ,MIN,0
20252026,LAK,CBJ,0
20252026,CBJ,NYI,1
20252026,CBJ,NJD,0
20252026,SJS,CBJ,1
20252026,VGK,CBJ,1
20252026,CBJ,TBL,1
20252026,CHI,CBJ,0
20252026,NJD,CBJ,0
20252026,CBJ,CHI,1
20252026,BOS,CBJ,1
20252026,CBJ,NYI,0
20252026,NYR,CBJ,0
20252026,CBJ,LAK,0
20252026,TBL,CBJ,0
20252026,CBJ,CAR,1
20252026,CBJ,NYR,1
20252026,NYI,CBJ,1
20252026,CBJ,SJS,0
20252026,CBJ,BOS,0
20252026,CBJ,CAR,0
20252026,CAR,CBJ,1
20252026,CBJ,WPG,0
20252026,DET,CBJ,0
20252026,CBJ,BOS,0
20252026,SJS,VGK,1
20252026,SJS,VGK,0
20252026,VGK,SJS,0
20252026,SJS,VGK,0
20252026,SJS,CAR,0
20252026,NYI,SJS,1
20252026,NYR,SJS,0
20252026,NJD,SJS,1
20252026,MIN,SJS,0
20252026,SJS,LAK,0
20252026,SJS,NJD,1
20252026,SJS,DET,0
20252026,SJS,WPG,1
20252026,MIN,SJS,0
20252026,SJS,LAK,1
20252026,SJS,BOS,1
20252026,VGK,SJS,1
20252026,CAR,SJS,0
20252026,VGK,SJS,1
20252026,SJS,MIN,1
20252026,SJS,TBL,0
20252026,LAK,SJS,0
20252026,SJS,VGK,0
20252026,DET,SJS,1
20252026,TBL,SJS,1
20252026,SJS,NYR,1
20252026,CHI,SJS,1
20252026,SJS,WPG,1
20252026,SJS,NYI,0
20252026,BOS,SJS,0
20252026,SJS,CHI,1
20252026,CHI,SJS,1
20252026,WPG,SJS,0
20252026,VGK,LAK,0
20252026,VGK,LAK,0
20252026,VGK,BOS,1
20252026,VGK,CAR,1
20252026,TBL,VGK,1
20252026,CAR,VGK,0
20252026,VGK,DET,1
20252026,VGK,TBL,0
20252026,VGK,NYI,0
20252026,MIN,VGK,1
20252026,VGK,NYR,1
20252026,VGK,CHI,1
20252026,NJD,VGK,0
20252026,NYR,VGK,0
20252026,NYI,VGK,1
20252026,VGK,NJD,0
20252026,VGK,MIN,0
20252026,CHI,VGK,1
20252026,WPG,VGK,0
20252026,LAK,VGK,0
20252026,BOS,VGK,1
20252026,VGK,LAK,1
20252026,LAK,VGK,0
20252026,DET,VGK,0
20252026,VGK,MIN,0
20252026,VGK,CHI,1
20252026,WPG,VGK,1
20252026,VGK,WPG,1
20252026,CAR,VGK,0
20252026,CAR,VGK,1
20252026,VGK,CAR,1
20252026,VGK,CAR,0
20252026,CAR,VGK,1
20252026,VGK,CAR,0
20252026,NJD,NYR,0
20252026,NJD,NYI,1
20252026,NYI,NJD,0
20252026,NYR,NJD,0
20252026,CAR,NJD,1
20252026,TBL,NJD,0
20252026,NJD,MIN,1
20252026,LAK,NJD,0
20252026,NJD,NYI,0
20252026,CHI,NJD,0
20252026,TBL,NJD,1
20252026,NJD,DET,1
20252026,BOS,NJD,1
20252026,NJD,TBL,0
20252026,NYI,NJD,1
20252026,NJD,CAR,0
20252026,NYI,NJD,1
20252026,WPG,NJD,1
20252026,MIN,NJD,0
20252026,NJD,CAR,0
20252026,NJD,WPG,0
20252026,NJD,NYI,0
20252026,NJD,NYR,1
20252026,NJD,DET,0
20252026,NJD,LAK,1
20252026,NJD,BOS,1
20252026,NYR,NJD,0
20252026,CAR,NJD,1
20252026,NJD,CHI,1
20252026,NYR,NJD,1
20252026,DET,NJD,0
20252026,BOS,NJD,1
20252026,CAR,TBL,0
20252026,TBL,CAR,1
20252026,LAK,CAR,0
20252026,CAR,NYI,1
20252026,BOS,CAR,1
20252026,NYR,CAR,0
20252026,CAR,MIN,1
20252026,BOS,CAR,0
20252026,MIN,CAR,1
20252026,WPG,CAR,0
20252026,CAR,NYR,0
20252026,CAR,WPG,1
20252026,TBL,CAR,1
20252026,CAR,DET,1
20252026,CAR,NYR,1
20252026,DET,CAR,1
20252026,CAR,CHI,0
20252026,CAR,LAK,1
20252026,NYR,CAR,0
20252026,CAR,TBL,1
20252026,CAR,DET,1
20252026,TBL,CAR,0
20252026,CAR,NYI,1
20252026,CAR,BOS,1
20252026,CHI,CAR,0
20252026,NYI,CAR,0
20252026,DET,CHI,1
20252026,MIN,CHI,0
20252026,CHI,DET,0
20252026,CHI,MIN,0
20252026,BOS,CHI,1
20252026,TBL,CHI,0
20252026,CHI,LAK,0
20252026,WPG,CHI,1
20252026,DET,CHI,0
20252026,CHI,MIN,0
20252026,LAK,CHI,0
20252026,LAK,CHI,1
20252026,CHI,NYR,1
20252026,CHI,DET,0
20252026,CHI,NYI,0
20252026,CHI,BOS,0
20252026,CHI,WPG,1
20252026,CHI,TBL,0
20252026,MIN,CHI,1
20252026,WPG,CHI,1
20252026,CHI,MIN,0
20252026,MIN,CHI,0
20252026,NYI,CHI,0
20252026,NYR,CHI,1
20252026,CHI,WPG,0
20252026,DET,TBL,1
20252026,NYI,DET,1
20252026,LAK,DET,0
20252026,DET,NYR,0
20252026,NYR,DET,0
20252026,DET,NYI,0
20252026,DET,TBL,0
20252026,BOS,DET,1
20252026,DET,BOS,1
20252026,DET,NYI,1
20252026,DET,WPG,1
20252026,BOS,DET,1
20252026,MIN,DET,1
20252026,WPG,DET,0
20252026,DET,LAK,0
20252026,TBL,DET,1
20252026,DET,BOS,0
20252026,NYR,DET,1
20252026,DET,MIN,0
20252026,TBL,DET,1
20252026,NYR,BOS,0
20252026,BOS,NYR,1
20252026,BOS,TBL,0
20252026,BOS,NYI,1
20252026,NYI,BOS,0
20252026,LAK,BOS,0
20252026,NYI,BOS,0
20252026,BOS,NYR,0
20252026,WPG,BOS,0
20252026,MIN,BOS,1
20252026,BOS,NYR,1
20252026,NYR,BOS,1
20252026,TBL,BOS,1
20252026,BOS,LAK,1
20252026,BOS,WPG,1
20252026,BOS,MIN,1
20252026,TBL,BOS,1
20252026,BOS,TBL,0
20252026,WPG,LAK,1
20252026,MIN,LAK,1
20252026,LAK,WPG,1
20252026,TBL,LAK,0
20252026,LAK,TBL,0
20252026,LAK,MIN,1
20252026,LAK,MIN,1
20252026,WPG,LAK,1
20252026,LAK,NYR,1
20252026,LAK,NYI,1
20252026,NYI,LAK,0
20252026,NYR,LAK,0
20252026,NYR,NYI,0
20252026,NYI,NYR,0
20252026,NYR,MIN,0
20252026,NYR,NYI,0
20252026,TBL,NYR,0
20252026,NYR,TBL,0
20252026,NYI,NYR,1
20252026,NYI,NYR,1
20252026,NYR,NYI,0
20252026,WPG,NYR,0
20252026,MIN,NYR,0
20252026,NYR,WPG,0
20252026,TBL,NYR,0
20252026,NYI,WPG,0
20252026,NYI,MIN,0
20252026,NYI,TBL,1
20252026,TBL,NYI,0
20252026,NYI,TBL,1
20252026,MIN,NYI,0
20252026,WPG,NYI,1
20252026,WPG,MIN,0
20252026,MIN,WPG,1
20252026,MIN,WPG,0
20252026,WPG,MIN,0
20252026,WPG,MIN,0
20252026,MIN,WPG,0
20252026,MIN,TBL,1
20252026,TBL,MIN,1
20252026,TBL,WPG,1
20252026,WPG,TBL,1
